[{"model": "admin.logentry", "pk": 1, "fields": {"action_time": "2022-11-19T20:06:32.214Z", "user": 1, "content_type": 4, "object_id": "2", "object_repr": "aidarka", "action_flag": 1, "change_message": "[{\"added\": {}}]"}}, {"model": "admin.logentry", "pk": 2, "fields": {"action_time": "2022-11-19T20:12:28.707Z", "user": 1, "content_type": 7, "object_id": "2", "object_repr": "Blog object (2)", "action_flag": 1, "change_message": "[{\"added\": {}}]"}}, {"model": "admin.logentry", "pk": 3, "fields": {"action_time": "2022-11-20T08:02:36.286Z", "user": 1, "content_type": 8, "object_id": "1", "object_repr": "Answer object (1)", "action_flag": 1, "change_message": "[{\"added\": {}}]"}}, {"model": "admin.logentry", "pk": 4, "fields": {"action_time": "2022-11-22T14:45:02.740Z", "user": 1, "content_type": 9, "object_id": "1", "object_repr": "USAMO", "action_flag": 1, "change_message": "[{\"added\": {}}]"}}, {"model": "admin.logentry", "pk": 5, "fields": {"action_time": "2022-11-22T14:45:59.971Z", "user": 1, "content_type": 10, "object_id": "1", "object_repr": "2022", "action_flag": 1, "change_message": "[{\"added\": {}}]"}}, {"model": "admin.logentry", "pk": 6, "fields": {"action_time": "2022-11-22T14:52:54.893Z", "user": 1, "content_type": 11, "object_id": "1", "object_repr": "USAMO 2022 1", "action_flag": 1, "change_message": "[{\"added\": {}}]"}}, {"model": "admin.logentry", "pk": 7, "fields": {"action_time": "2022-11-22T14:54:41.448Z", "user": 1, "content_type": 11, "object_id": "1", "object_repr": "USAMO 2022 1", "action_flag": 2, "change_message": "[{\"changed\": {\"fields\": [\"Description\"]}}]"}}, {"model": "admin.logentry", "pk": 8, "fields": {"action_time": "2022-11-23T09:17:00.792Z", "user": 1, "content_type": 13, "object_id": "1", "object_repr": "admin", "action_flag": 1, "change_message": "[{\"added\": {}}]"}}, {"model": "admin.logentry", "pk": 9, "fields": {"action_time": "2022-11-23T09:17:39.090Z", "user": 1, "content_type": 13, "object_id": "2", "object_repr": "aidarka", "action_flag": 1, "change_message": "[{\"added\": {}}]"}}, {"model": "admin.logentry", "pk": 10, "fields": {"action_time": "2022-11-23T09:24:11.633Z", "user": 1, "content_type": 4, "object_id": "3", "object_repr": "MrKipling", "action_flag": 1, "change_message": "[{\"added\": {}}]"}}, {"model": "admin.logentry", "pk": 11, "fields": {"action_time": "2022-11-23T09:24:49.562Z", "user": 1, "content_type": 4, "object_id": "3", "object_repr": "MrKipling", "action_flag": 2, "change_message": "[{\"changed\": {\"fields\": [\"First name\", \"Last name\", \"Email address\"]}}]"}}, {"model": "admin.logentry", "pk": 12, "fields": {"action_time": "2022-11-23T10:35:16.159Z", "user": 1, "content_type": 13, "object_id": "3", "object_repr": "MrKipling", "action_flag": 2, "change_message": "[{\"changed\": {\"fields\": [\"User image\"]}}]"}}, {"model": "admin.logentry", "pk": 13, "fields": {"action_time": "2022-11-23T10:37:17.865Z", "user": 1, "content_type": 13, "object_id": "3", "object_repr": "MrKipling", "action_flag": 2, "change_message": "[{\"changed\": {\"fields\": [\"User image\"]}}]"}}, {"model": "admin.logentry", "pk": 14, "fields": {"action_time": "2022-11-25T19:57:27.135Z", "user": 1, "content_type": 7, "object_id": "3", "object_repr": "Материал по векторам", "action_flag": 1, "change_message": "[{\"added\": {}}]"}}, {"model": "admin.logentry", "pk": 15, "fields": {"action_time": "2022-11-25T19:58:39.887Z", "user": 1, "content_type": 7, "object_id": "4", "object_repr": "Примеры не ассоциативных операций", "action_flag": 1, "change_message": "[{\"added\": {}}]"}}, {"model": "admin.logentry", "pk": 16, "fields": {"action_time": "2022-11-25T19:59:21.930Z", "user": 1, "content_type": 7, "object_id": "5", "object_repr": "Nice problem", "action_flag": 1, "change_message": "[{\"added\": {}}]"}}, {"model": "admin.logentry", "pk": 17, "fields": {"action_time": "2022-11-25T20:00:07.187Z", "user": 1, "content_type": 7, "object_id": "6", "object_repr": "Inequalities", "action_flag": 1, "change_message": "[{\"added\": {}}]"}}, {"model": "admin.logentry", "pk": 18, "fields": {"action_time": "2022-11-25T20:01:03.575Z", "user": 1, "content_type": 7, "object_id": "7", "object_repr": "I really need some recommendation for functional equation books.", "action_flag": 1, "change_message": "[{\"added\": {}}]"}}, {"model": "admin.logentry", "pk": 19, "fields": {"action_time": "2022-11-25T20:01:50.805Z", "user": 1, "content_type": 7, "object_id": "8", "object_repr": "Combinatorics HALP!!", "action_flag": 1, "change_message": "[{\"added\": {}}]"}}, {"model": "admin.logentry", "pk": 20, "fields": {"action_time": "2022-11-25T20:02:32.760Z", "user": 1, "content_type": 7, "object_id": "9", "object_repr": "Findint the inverse of $(A+BC^{T})$", "action_flag": 1, "change_message": "[{\"added\": {}}]"}}, {"model": "admin.logentry", "pk": 21, "fields": {"action_time": "2022-11-25T20:02:42.855Z", "user": 1, "content_type": 7, "object_id": "2", "object_repr": "Шалалала", "action_flag": 3, "change_message": ""}}, {"model": "admin.logentry", "pk": 22, "fields": {"action_time": "2022-11-25T20:02:49.346Z", "user": 1, "content_type": 7, "object_id": "1", "object_repr": "alal", "action_flag": 3, "change_message": ""}}, {"model": "admin.logentry", "pk": 23, "fields": {"action_time": "2022-11-25T21:20:52.400Z", "user": 1, "content_type": 9, "object_id": "2", "object_repr": "IMO", "action_flag": 1, "change_message": "[{\"added\": {}}]"}}, {"model": "admin.logentry", "pk": 24, "fields": {"action_time": "2022-11-25T21:21:14.200Z", "user": 1, "content_type": 9, "object_id": "3", "object_repr": "Республиканская", "action_flag": 1, "change_message": "[{\"added\": {}}]"}}, {"model": "admin.logentry", "pk": 25, "fields": {"action_time": "2022-11-25T21:21:27.727Z", "user": 1, "content_type": 9, "object_id": "4", "object_repr": "МЖО", "action_flag": 1, "change_message": "[{\"added\": {}}]"}}, {"model": "admin.logentry", "pk": 26, "fields": {"action_time": "2022-11-25T21:21:40.837Z", "user": 1, "content_type": 9, "object_id": "5", "object_repr": "Туймаада", "action_flag": 1, "change_message": "[{\"added\": {}}]"}}, {"model": "admin.logentry", "pk": 27, "fields": {"action_time": "2022-11-25T21:21:54.114Z", "user": 1, "content_type": 9, "object_id": "6", "object_repr": "Азиатско-Тихоокеанская", "action_flag": 1, "change_message": "[{\"added\": {}}]"}}, {"model": "admin.logentry", "pk": 28, "fields": {"action_time": "2022-11-25T21:22:06.783Z", "user": 1, "content_type": 9, "object_id": "7", "object_repr": "Балканская", "action_flag": 1, "change_message": "[{\"added\": {}}]"}}, {"model": "admin.logentry", "pk": 29, "fields": {"action_time": "2022-11-25T21:22:23.025Z", "user": 1, "content_type": 9, "object_id": "8", "object_repr": "EGMO", "action_flag": 1, "change_message": "[{\"added\": {}}]"}}, {"model": "admin.logentry", "pk": 30, "fields": {"action_time": "2022-11-25T21:23:46.733Z", "user": 1, "content_type": 10, "object_id": "2", "object_repr": "IMO 2022", "action_flag": 1, "change_message": "[{\"added\": {}}]"}}, {"model": "admin.logentry", "pk": 31, "fields": {"action_time": "2022-11-25T21:23:54.769Z", "user": 1, "content_type": 10, "object_id": "3", "object_repr": "IMO 2021", "action_flag": 1, "change_message": "[{\"added\": {}}]"}}, {"model": "admin.logentry", "pk": 32, "fields": {"action_time": "2022-11-25T21:24:03.258Z", "user": 1, "content_type": 10, "object_id": "4", "object_repr": "IMO 2020", "action_flag": 1, "change_message": "[{\"added\": {}}]"}}, {"model": "admin.logentry", "pk": 33, "fields": {"action_time": "2022-11-25T21:24:12.708Z", "user": 1, "content_type": 10, "object_id": "5", "object_repr": "Республиканская 2022", "action_flag": 1, "change_message": "[{\"added\": {}}]"}}, {"model": "admin.logentry", "pk": 34, "fields": {"action_time": "2022-11-25T21:24:19.922Z", "user": 1, "content_type": 10, "object_id": "6", "object_repr": "МЖО 2022", "action_flag": 1, "change_message": "[{\"added\": {}}]"}}, {"model": "admin.logentry", "pk": 35, "fields": {"action_time": "2022-11-25T21:24:27.248Z", "user": 1, "content_type": 10, "object_id": "7", "object_repr": "Туймаада 2022", "action_flag": 1, "change_message": "[{\"added\": {}}]"}}, {"model": "admin.logentry", "pk": 36, "fields": {"action_time": "2022-11-25T21:24:35.701Z", "user": 1, "content_type": 10, "object_id": "8", "object_repr": "Азиатско-Тихоокеанская 2022", "action_flag": 1, "change_message": "[{\"added\": {}}]"}}, {"model": "admin.logentry", "pk": 37, "fields": {"action_time": "2022-11-25T21:24:43.929Z", "user": 1, "content_type": 10, "object_id": "9", "object_repr": "Балканская 2022", "action_flag": 1, "change_message": "[{\"added\": {}}]"}}, {"model": "admin.logentry", "pk": 38, "fields": {"action_time": "2022-11-25T21:24:51.643Z", "user": 1, "content_type": 10, "object_id": "10", "object_repr": "EGMO 2022", "action_flag": 1, "change_message": "[{\"added\": {}}]"}}, {"model": "admin.logentry", "pk": 39, "fields": {"action_time": "2022-11-25T21:25:02.628Z", "user": 1, "content_type": 10, "object_id": "11", "object_repr": "Республиканская 2021", "action_flag": 1, "change_message": "[{\"added\": {}}]"}}, {"model": "admin.logentry", "pk": 40, "fields": {"action_time": "2022-11-25T21:25:56.326Z", "user": 1, "content_type": 11, "object_id": "2", "object_repr": "IMO 2022 1", "action_flag": 1, "change_message": "[{\"added\": {}}]"}}, {"model": "admin.logentry", "pk": 41, "fields": {"action_time": "2022-11-25T21:26:21.321Z", "user": 1, "content_type": 11, "object_id": "3", "object_repr": "IMO 2022 2", "action_flag": 1, "change_message": "[{\"added\": {}}]"}}, {"model": "admin.logentry", "pk": 42, "fields": {"action_time": "2022-11-25T21:26:40.499Z", "user": 1, "content_type": 11, "object_id": "4", "object_repr": "IMO 2022 3", "action_flag": 1, "change_message": "[{\"added\": {}}]"}}, {"model": "admin.logentry", "pk": 43, "fields": {"action_time": "2022-11-26T10:13:50.846Z", "user": 1, "content_type": 8, "object_id": "2", "object_repr": "Answer object (2)", "action_flag": 1, "change_message": "[{\"added\": {}}]"}}, {"model": "admin.logentry", "pk": 44, "fields": {"action_time": "2022-11-26T10:14:16.809Z", "user": 1, "content_type": 8, "object_id": "3", "object_repr": "Answer object (3)", "action_flag": 1, "change_message": "[{\"added\": {}}]"}}, {"model": "admin.logentry", "pk": 45, "fields": {"action_time": "2022-11-26T10:15:03.425Z", "user": 1, "content_type": 8, "object_id": "4", "object_repr": "Answer object (4)", "action_flag": 1, "change_message": "[{\"added\": {}}]"}}, {"model": "admin.logentry", "pk": 46, "fields": {"action_time": "2022-11-26T10:17:06.335Z", "user": 1, "content_type": 7, "object_id": "10", "object_repr": "do u think amc10 this year will be hard", "action_flag": 1, "change_message": "[{\"added\": {}}]"}}, {"model": "admin.logentry", "pk": 47, "fields": {"action_time": "2022-11-26T10:17:49.116Z", "user": 1, "content_type": 7, "object_id": "11", "object_repr": "Классическая задача на квадратичные вычеты", "action_flag": 1, "change_message": "[{\"added\": {}}]"}}, {"model": "admin.logentry", "pk": 48, "fields": {"action_time": "2022-11-26T10:18:32.734Z", "user": 1, "content_type": 7, "object_id": "12", "object_repr": "A problem that seems to be easy but difficult for me", "action_flag": 1, "change_message": "[{\"added\": {}}]"}}, {"model": "admin.logentry", "pk": 49, "fields": {"action_time": "2022-11-26T10:19:11.587Z", "user": 1, "content_type": 7, "object_id": "13", "object_repr": "Limits - Easier Than You Think", "action_flag": 1, "change_message": "[{\"added\": {}}]"}}, {"model": "admin.logentry", "pk": 50, "fields": {"action_time": "2022-11-27T10:41:38.801Z", "user": 1, "content_type": 13, "object_id": "1", "object_repr": "admin", "action_flag": 2, "change_message": "[{\"changed\": {\"fields\": [\"User image\"]}}]"}}, {"model": "admin.logentry", "pk": 51, "fields": {"action_time": "2022-11-27T10:42:17.567Z", "user": 1, "content_type": 13, "object_id": "2", "object_repr": "aidarka", "action_flag": 2, "change_message": "[{\"changed\": {\"fields\": [\"User image\"]}}]"}}, {"model": "admin.logentry", "pk": 52, "fields": {"action_time": "2022-11-28T11:25:09.126Z", "user": 1, "content_type": 7, "object_id": "14", "object_repr": "a;sldjf;asdjf", "action_flag": 1, "change_message": "[{\"added\": {}}]"}}, {"model": "admin.logentry", "pk": 53, "fields": {"action_time": "2022-11-28T12:24:44.936Z", "user": 1, "content_type": 4, "object_id": "4", "object_repr": "adsfadsffd", "action_flag": 3, "change_message": ""}}, {"model": "admin.logentry", "pk": 54, "fields": {"action_time": "2022-12-03T18:40:01.033Z", "user": 1, "content_type": 4, "object_id": "1", "object_repr": "admin", "action_flag": 2, "change_message": "[{\"changed\": {\"fields\": [\"First name\", \"Last name\"]}}]"}}, {"model": "admin.logentry", "pk": 55, "fields": {"action_time": "2022-12-03T18:41:06.643Z", "user": 1, "content_type": 4, "object_id": "2", "object_repr": "aidarka", "action_flag": 2, "change_message": "[{\"changed\": {\"fields\": [\"First name\", \"Last name\", \"Email address\", \"Last login\"]}}]"}}, {"model": "admin.logentry", "pk": 56, "fields": {"action_time": "2022-12-03T18:47:00.358Z", "user": 1, "content_type": 4, "object_id": "7", "object_repr": "Gterasdfjv", "action_flag": 3, "change_message": ""}}, {"model": "admin.logentry", "pk": 57, "fields": {"action_time": "2022-12-03T18:47:53.183Z", "user": 1, "content_type": 4, "object_id": "8", "object_repr": "aadsfgha", "action_flag": 3, "change_message": ""}}, {"model": "admin.logentry", "pk": 58, "fields": {"action_time": "2022-12-03T19:00:00.733Z", "user": 1, "content_type": 4, "object_id": "10", "object_repr": "adsf", "action_flag": 3, "change_message": ""}}, {"model": "admin.logentry", "pk": 59, "fields": {"action_time": "2022-12-03T19:00:12.084Z", "user": 1, "content_type": 4, "object_id": "9", "object_repr": "kjhgfd", "action_flag": 3, "change_message": ""}}, {"model": "admin.logentry", "pk": 60, "fields": {"action_time": "2022-12-03T19:03:23.703Z", "user": 1, "content_type": 4, "object_id": "11", "object_repr": "asdfkjdsf", "action_flag": 3, "change_message": ""}}, {"model": "admin.logentry", "pk": 61, "fields": {"action_time": "2022-12-03T20:37:51.883Z", "user": 1, "content_type": 13, "object_id": "6", "object_repr": "justvova", "action_flag": 2, "change_message": "[{\"changed\": {\"fields\": [\"User image\"]}}]"}}, {"model": "admin.logentry", "pk": 62, "fields": {"action_time": "2022-12-03T20:40:11.021Z", "user": 1, "content_type": 13, "object_id": "6", "object_repr": "justvova", "action_flag": 2, "change_message": "[]"}}, {"model": "admin.logentry", "pk": 63, "fields": {"action_time": "2022-12-03T22:22:38.297Z", "user": 1, "content_type": 13, "object_id": "1", "object_repr": "admin", "action_flag": 2, "change_message": "[{\"changed\": {\"fields\": [\"User image\"]}}]"}}, {"model": "admin.logentry", "pk": 64, "fields": {"action_time": "2022-12-03T22:24:34.715Z", "user": 1, "content_type": 13, "object_id": "1", "object_repr": "admin", "action_flag": 2, "change_message": "[{\"changed\": {\"fields\": [\"User image\"]}}]"}}, {"model": "admin.logentry", "pk": 65, "fields": {"action_time": "2022-12-04T10:04:49.065Z", "user": 1, "content_type": 13, "object_id": "2", "object_repr": "aidarka", "action_flag": 3, "change_message": ""}}, {"model": "admin.logentry", "pk": 66, "fields": {"action_time": "2022-12-04T10:04:56.700Z", "user": 1, "content_type": 13, "object_id": "6", "object_repr": "justvova", "action_flag": 3, "change_message": ""}}, {"model": "admin.logentry", "pk": 67, "fields": {"action_time": "2022-12-04T10:05:01.431Z", "user": 1, "content_type": 13, "object_id": "5", "object_repr": "sobakaulibaka", "action_flag": 3, "change_message": ""}}, {"model": "admin.logentry", "pk": 68, "fields": {"action_time": "2022-12-04T10:05:06.057Z", "user": 1, "content_type": 13, "object_id": "3", "object_repr": "MrKipling", "action_flag": 3, "change_message": ""}}, {"model": "auth.permission", "pk": 1, "fields": {"name": "Can add log entry", "content_type": 1, "codename": "add_logentry"}}, {"model": "auth.permission", "pk": 2, "fields": {"name": "Can change log entry", "content_type": 1, "codename": "change_logentry"}}, {"model": "auth.permission", "pk": 3, "fields": {"name": "Can delete log entry", "content_type": 1, "codename": "delete_logentry"}}, {"model": "auth.permission", "pk": 4, "fields": {"name": "Can view log entry", "content_type": 1, "codename": "view_logentry"}}, {"model": "auth.permission", "pk": 5, "fields": {"name": "Can add permission", "content_type": 2, "codename": "add_permission"}}, {"model": "auth.permission", "pk": 6, "fields": {"name": "Can change permission", "content_type": 2, "codename": "change_permission"}}, {"model": "auth.permission", "pk": 7, "fields": {"name": "Can delete permission", "content_type": 2, "codename": "delete_permission"}}, {"model": "auth.permission", "pk": 8, "fields": {"name": "Can view permission", "content_type": 2, "codename": "view_permission"}}, {"model": "auth.permission", "pk": 9, "fields": {"name": "Can add group", "content_type": 3, "codename": "add_group"}}, {"model": "auth.permission", "pk": 10, "fields": {"name": "Can change group", "content_type": 3, "codename": "change_group"}}, {"model": "auth.permission", "pk": 11, "fields": {"name": "Can delete group", "content_type": 3, "codename": "delete_group"}}, {"model": "auth.permission", "pk": 12, "fields": {"name": "Can view group", "content_type": 3, "codename": "view_group"}}, {"model": "auth.permission", "pk": 13, "fields": {"name": "Can add user", "content_type": 4, "codename": "add_user"}}, {"model": "auth.permission", "pk": 14, "fields": {"name": "Can change user", "content_type": 4, "codename": "change_user"}}, {"model": "auth.permission", "pk": 15, "fields": {"name": "Can delete user", "content_type": 4, "codename": "delete_user"}}, {"model": "auth.permission", "pk": 16, "fields": {"name": "Can view user", "content_type": 4, "codename": "view_user"}}, {"model": "auth.permission", "pk": 17, "fields": {"name": "Can add content type", "content_type": 5, "codename": "add_contenttype"}}, {"model": "auth.permission", "pk": 18, "fields": {"name": "Can change content type", "content_type": 5, "codename": "change_contenttype"}}, {"model": "auth.permission", "pk": 19, "fields": {"name": "Can delete content type", "content_type": 5, "codename": "delete_contenttype"}}, {"model": "auth.permission", "pk": 20, "fields": {"name": "Can view content type", "content_type": 5, "codename": "view_contenttype"}}, {"model": "auth.permission", "pk": 21, "fields": {"name": "Can add session", "content_type": 6, "codename": "add_session"}}, {"model": "auth.permission", "pk": 22, "fields": {"name": "Can change session", "content_type": 6, "codename": "change_session"}}, {"model": "auth.permission", "pk": 23, "fields": {"name": "Can delete session", "content_type": 6, "codename": "delete_session"}}, {"model": "auth.permission", "pk": 24, "fields": {"name": "Can view session", "content_type": 6, "codename": "view_session"}}, {"model": "auth.permission", "pk": 25, "fields": {"name": "Can add blog", "content_type": 7, "codename": "add_blog"}}, {"model": "auth.permission", "pk": 26, "fields": {"name": "Can change blog", "content_type": 7, "codename": "change_blog"}}, {"model": "auth.permission", "pk": 27, "fields": {"name": "Can delete blog", "content_type": 7, "codename": "delete_blog"}}, {"model": "auth.permission", "pk": 28, "fields": {"name": "Can view blog", "content_type": 7, "codename": "view_blog"}}, {"model": "auth.permission", "pk": 29, "fields": {"name": "Can add answer", "content_type": 8, "codename": "add_answer"}}, {"model": "auth.permission", "pk": 30, "fields": {"name": "Can change answer", "content_type": 8, "codename": "change_answer"}}, {"model": "auth.permission", "pk": 31, "fields": {"name": "Can delete answer", "content_type": 8, "codename": "delete_answer"}}, {"model": "auth.permission", "pk": 32, "fields": {"name": "Can view answer", "content_type": 8, "codename": "view_answer"}}, {"model": "auth.permission", "pk": 33, "fields": {"name": "Can add olymp", "content_type": 9, "codename": "add_olymp"}}, {"model": "auth.permission", "pk": 34, "fields": {"name": "Can change olymp", "content_type": 9, "codename": "change_olymp"}}, {"model": "auth.permission", "pk": 35, "fields": {"name": "Can delete olymp", "content_type": 9, "codename": "delete_olymp"}}, {"model": "auth.permission", "pk": 36, "fields": {"name": "Can view olymp", "content_type": 9, "codename": "view_olymp"}}, {"model": "auth.permission", "pk": 37, "fields": {"name": "Can add year", "content_type": 10, "codename": "add_year"}}, {"model": "auth.permission", "pk": 38, "fields": {"name": "Can change year", "content_type": 10, "codename": "change_year"}}, {"model": "auth.permission", "pk": 39, "fields": {"name": "Can delete year", "content_type": 10, "codename": "delete_year"}}, {"model": "auth.permission", "pk": 40, "fields": {"name": "Can view year", "content_type": 10, "codename": "view_year"}}, {"model": "auth.permission", "pk": 41, "fields": {"name": "Can add problem", "content_type": 11, "codename": "add_problem"}}, {"model": "auth.permission", "pk": 42, "fields": {"name": "Can change problem", "content_type": 11, "codename": "change_problem"}}, {"model": "auth.permission", "pk": 43, "fields": {"name": "Can delete problem", "content_type": 11, "codename": "delete_problem"}}, {"model": "auth.permission", "pk": 44, "fields": {"name": "Can view problem", "content_type": 11, "codename": "view_problem"}}, {"model": "auth.permission", "pk": 45, "fields": {"name": "Can add user", "content_type": 12, "codename": "add_user"}}, {"model": "auth.permission", "pk": 46, "fields": {"name": "Can change user", "content_type": 12, "codename": "change_user"}}, {"model": "auth.permission", "pk": 47, "fields": {"name": "Can delete user", "content_type": 12, "codename": "delete_user"}}, {"model": "auth.permission", "pk": 48, "fields": {"name": "Can view user", "content_type": 12, "codename": "view_user"}}, {"model": "auth.permission", "pk": 49, "fields": {"name": "Can add user profile", "content_type": 13, "codename": "add_userprofile"}}, {"model": "auth.permission", "pk": 50, "fields": {"name": "Can change user profile", "content_type": 13, "codename": "change_userprofile"}}, {"model": "auth.permission", "pk": 51, "fields": {"name": "Can delete user profile", "content_type": 13, "codename": "delete_userprofile"}}, {"model": "auth.permission", "pk": 52, "fields": {"name": "Can view user profile", "content_type": 13, "codename": "view_userprofile"}}, {"model": "auth.user", "pk": 1, "fields": {"password": "pbkdf2_sha256$390000$HT3M1cGRcXJTGa6TVbTpKF$JlpDxm+KELWwLrJewLGyid4NOoZR1NaIscdiFWVpvQE=", "last_login": "2022-12-04T10:21:42.950Z", "is_superuser": true, "username": "admin", "first_name": "kotik", "last_name": "kotikovich", "email": "admin@admin.ru", "is_staff": true, "is_active": true, "date_joined": "2022-11-19T20:03:29Z", "groups": [], "user_permissions": []}}, {"model": "auth.user", "pk": 2, "fields": {"password": "pbkdf2_sha256$390000$MN2Nx2WRig0pIDq9mgswyX$pFRujzt+fF3lfqK+sLEJzUxW/a2a/rmTgjXNaUxTlEM=", "last_login": "2022-12-03T18:41:04Z", "is_superuser": false, "username": "aidarka", "first_name": "aidar", "last_name": "amrin", "email": "hzhzhz@gmail.com", "is_staff": false, "is_active": true, "date_joined": "2022-11-19T20:06:31Z", "groups": [], "user_permissions": []}}, {"model": "auth.user", "pk": 3, "fields": {"password": "pbkdf2_sha256$390000$zytpozGeFIC5mIB4GK2aMi$u/YEMRv1+gdaJJKq8TMFGDIgbRWODbKYTUbW8mtfzqE=", "last_login": null, "is_superuser": false, "username": "MrKipling", "first_name": "Kipling", "last_name": "Redyard", "email": "kiplinkipling@gmail.com", "is_staff": false, "is_active": true, "date_joined": "2022-11-23T09:24:11Z", "groups": [], "user_permissions": []}}, {"model": "auth.user", "pk": 5, "fields": {"password": "pbkdf2_sha256$390000$XVqfwfS3HkGRulVmsKoR7Q$a8hdcOi8AAQc3wdYjAhMtMe9lNjmBlFoQf9LmXEvV7g=", "last_login": null, "is_superuser": false, "username": "sobakaulibaka", "first_name": "vova", "last_name": "smirnov", "email": "voff.smirnoff2002@gmail.com", "is_staff": false, "is_active": true, "date_joined": "2022-11-28T12:26:09.736Z", "groups": [], "user_permissions": []}}, {"model": "auth.user", "pk": 6, "fields": {"password": "pbkdf2_sha256$390000$6CPQ9VcR9ucY64Unt2VMPj$2K90A/yvLIsgfxRHA2Oz4PMWL1k4zqpUNVZUP3QF5ws=", "last_login": null, "is_superuser": false, "username": "justvova", "first_name": "velemir", "last_name": "hlebnikov", "email": "aoa@gmail.com", "is_staff": false, "is_active": true, "date_joined": "2022-12-03T17:19:13.572Z", "groups": [], "user_permissions": []}}, {"model": "contenttypes.contenttype", "pk": 1, "fields": {"app_label": "admin", "model": "logentry"}}, {"model": "contenttypes.contenttype", "pk": 2, "fields": {"app_label": "auth", "model": "permission"}}, {"model": "contenttypes.contenttype", "pk": 3, "fields": {"app_label": "auth", "model": "group"}}, {"model": "contenttypes.contenttype", "pk": 4, "fields": {"app_label": "auth", "model": "user"}}, {"model": "contenttypes.contenttype", "pk": 5, "fields": {"app_label": "contenttypes", "model": "contenttype"}}, {"model": "contenttypes.contenttype", "pk": 6, "fields": {"app_label": "sessions", "model": "session"}}, {"model": "contenttypes.contenttype", "pk": 7, "fields": {"app_label": "blog", "model": "blog"}}, {"model": "contenttypes.contenttype", "pk": 8, "fields": {"app_label": "answer", "model": "answer"}}, {"model": "contenttypes.contenttype", "pk": 9, "fields": {"app_label": "olymp", "model": "olymp"}}, {"model": "contenttypes.contenttype", "pk": 10, "fields": {"app_label": "year", "model": "year"}}, {"model": "contenttypes.contenttype", "pk": 11, "fields": {"app_label": "problem", "model": "problem"}}, {"model": "contenttypes.contenttype", "pk": 12, "fields": {"app_label": "user", "model": "user"}}, {"model": "contenttypes.contenttype", "pk": 13, "fields": {"app_label": "userprofile", "model": "userprofile"}}, {"model": "sessions.session", "pk": "a48cckyxkjnp8vevxbr1v7f9g4m5gtqy", "fields": {"session_data": ".eJxVjMsKwjAQAP8lZwm7zaOsR-9-Q9gkW1OVFJr2VPx3CfSg15lhDhV430rYm6xhzuqqUF1-WeT0ktpFfnJ9LDotdVvnqHuiT9v0fcnyvp3t36BwK32L1sLAMCU01rJ4Ifbo2ESMkDwxTpJHAUHjCAmjIzs4AJONhZFIfb7J_TbC:1p1m7y:yDzv7Rlxs7yRgJkg5pH_6i1s0_eicVzj7hXw5a_3N74", "expire_date": "2022-12-18T10:21:42.961Z"}}, {"model": "sessions.session", "pk": "pxadfxk8jbpunvnapdwe1fsy95ygrypt", "fields": {"session_data": ".eJxVjMsKwjAQAP8lZwm7zaOsR-9-Q9gkW1OVFJr2VPx3CfSg15lhDhV430rYm6xhzuqqUF1-WeT0ktpFfnJ9LDotdVvnqHuiT9v0fcnyvp3t36BwK32L1sLAMCU01rJ4Ifbo2ESMkDwxTpJHAUHjCAmjIzs4AJONhZFIfb7J_TbC:1p1lpQ:Ljq7X08W72B8CLxq9H-8bHRveSJI2mPGQtPUPqdlOiw", "expire_date": "2022-12-18T10:02:32.217Z"}}, {"model": "sessions.session", "pk": "zfnsyhinjv3s6x2fbu1t5pfjxezjwvd1", "fields": {"session_data": ".eJxVjMsKwjAQAP8lZwm7zaOsR-9-Q9gkW1OVFJr2VPx3CfSg15lhDhV430rYm6xhzuqqUF1-WeT0ktpFfnJ9LDotdVvnqHuiT9v0fcnyvp3t36BwK32L1sLAMCU01rJ4Ifbo2ESMkDwxTpJHAUHjCAmjIzs4AJONhZFIfb7J_TbC:1oyeo2:5FP36y8f5uPaE0OxLJqjaamRdxbanMOQIIshEN9H4dk", "expire_date": "2022-12-09T19:56:14.537Z"}}, {"model": "blog.blog", "pk": 3, "fields": {"title": "Материал по векторам", "description": "Всем привет, хотел бы у вас спросить хорошего материала по векторам, обычных школьных учебников и Гордина недостаточно, можете пожалуйста посоветовать что нибудь, какую то литературу или статьи. Хочу понять вектора, а никак не могу уже второй год из за отстуствия материалов по ним) Нужно что то более по школьной программе, но более углубленно", "topic": "Школьная математика", "num_views": 8, "num_answers": 0, "date_activity": "2022-11-25T19:57:16Z", "num_likes": 0, "date_creation": "2022-11-25T19:57:21Z", "user": 3}}, {"model": "blog.blog", "pk": 4, "fields": {"title": "Примеры не ассоциативных операций", "description": "Дорогие старшие математики, знает ли кто примеры не ассоциативных операций?\\n\\nНу т.е. чтобы $$(A\\\\cdot B)\\\\cdot C \\\\neq A\\\\cdot (B \\\\cdot C)(A⋅B)⋅C\\n=A⋅(B⋅C)$$ при неком определении операции $$\\\\cdot$$⋅ и некой форме $$A,B,CA,B,C$$?", "topic": "Университетские задачи", "num_views": 3, "num_answers": 0, "date_activity": "2022-11-25T19:58:22Z", "num_likes": 0, "date_creation": "2022-11-25T19:58:38Z", "user": 2}}, {"model": "blog.blog", "pk": 5, "fields": {"title": "Nice problem", "description": "$f(x)$ polynomial , find $f(x)$ given $2f(x)+2x^{2}=f(x^{2}-2x+4)+8x+5$", "topic": "алгебра", "num_views": 1, "num_answers": 0, "date_activity": "2022-11-25T19:59:12Z", "num_likes": 0, "date_creation": "2022-11-25T19:59:16Z", "user": 1}}, {"model": "blog.blog", "pk": 6, "fields": {"title": "Inequalities", "description": "Let $a, b, c>0$. Prove that$ \\\\frac{b+c} {a} +\\\\frac{c+a}{b} +\\\\frac{a^2+b^2} {c^2} \\\\geq2+3\\\\sqrt[3]{2} \\\\\\\\ $ $\\\\frac{b+c} {a} +\\\\frac{c+a}{b} +\\\\frac{2(a^2+b^2)} {c^2} \\\\geq 2+3\\\\sqrt[3]{4} \\\\\\\\ $ $\\\\frac{b+c} {a} +\\\\frac{c+a}{b} +\\\\frac{k(a^2+b^2)} {c^2} \\\\geq 2+3\\\\sqrt[3]{2k} \\\\\\\\ $$Where $k\\\\in N^+.$", "topic": "алгебра", "num_views": 6, "num_answers": 0, "date_activity": "2022-11-25T19:59:58Z", "num_likes": 0, "date_creation": "2022-11-25T20:00:02Z", "user": 3}}, {"model": "blog.blog", "pk": 7, "fields": {"title": "I really need some recommendation for functional equation books.", "description": "Are there good books have free pdf which excellent for practicing functional equation from $\\\\mathbb{R+} \\\\rightarrow \\\\mathbb{R+}$?", "topic": "Универститетские задачи", "num_views": 3, "num_answers": 0, "date_activity": "2022-11-25T20:00:45Z", "num_likes": 0, "date_creation": "2022-11-25T20:00:50Z", "user": 3}}, {"model": "blog.blog", "pk": 8, "fields": {"title": "Combinatorics HALP!!", "description": "A group of 50 people of different ages sit around a big round table. We call any pair consisting\\nof two people $A$ and $B$ a newbie pair, if $A$ and $B$ are not sitting next to each another, and on at\\nleast one of the arcs connecting $A$ and $B$ around the table edge all people are older than $A$ and $B$.\\nDetermine the minimal number of newbie pairs.", "topic": "Комбинаторика", "num_views": 2, "num_answers": 0, "date_activity": "2022-11-25T20:01:43Z", "num_likes": 0, "date_creation": "2022-11-25T20:01:47Z", "user": 3}}, {"model": "blog.blog", "pk": 9, "fields": {"title": "Findint the inverse of $(A+BC^{T})$", "description": "Let $n$ and $p$ be positive integers and let ${\\\\bf F}$ be a field. Let $A\\\\in M_{n\\\\times n}({\\\\bf F})$ and let $B,C\\\\in M_{n\\\\times p}({\\\\bf F})$ be matrices satisfying the condition that $A$ and $(I+C^{\\\\top}A^{-1}B)$ are nonsingular. Show that $A+BC^{\\\\top}$ is nonsingular, and that\\\\[ (A+BC^{\\\\top})^{-1}=A^{-1}-A^{-1}B(I+C^{\\\\top}A^{-1}B)^{-1}C^{\\\\top}A^{-1}.\\\\]", "topic": "Алгебра", "num_views": 14, "num_answers": 0, "date_activity": "2022-11-25T20:02:23Z", "num_likes": 0, "date_creation": "2022-11-25T20:02:27Z", "user": 2}}, {"model": "blog.blog", "pk": 10, "fields": {"title": "do you think amc10 this year will be hard?", "description": "do u guys think amc10 this year will be hard? Approximate cutoff, maybe? answer in the comments, like this:\\nformat:\\nvery easy/easy/ok/hard/very hard\\nenter cutoff expectation here", "topic": "Школьная математика", "num_views": 2, "num_answers": 0, "date_activity": "2022-11-26T10:16:57Z", "num_likes": 0, "date_creation": "2022-11-26T10:17:01Z", "user": 2}}, {"model": "blog.blog", "pk": 11, "fields": {"title": "Классическая задача на квадратичные вычеты", "description": "Ботал что-то как обычно и наткнулся опять на данную задачу:Докажите что любое простое число вида 4k+1 представимо в виде суммы двух квадратов.Пункт шел со звездочкой и решения поэтому не приводилось. Заниматься олимпиадами перестал давно, но помню что в свое время брали утверждение просто за данность. Не знает ли кто олимпиадного решения(о красоте наверное не стоит) ну или хотя бы ссылки на решение?Заранее всем спасибо)", "topic": "Теория чисел", "num_views": 2, "num_answers": 0, "date_activity": "2022-11-26T10:17:40Z", "num_likes": 0, "date_creation": "2022-11-26T10:17:44Z", "user": 1}}, {"model": "blog.blog", "pk": 12, "fields": {"title": "A problem that seems to be easy but difficult for me", "description": "$k\\\\in\\\\mathbb{N}^{*},1=d_0<d_1<\\\\cdots <d_m=4k\\\\text{ are all positive factors of }4k$\\n$\\\\text{Prove that }\\\\exists i\\\\in\\\\{1,2,\\\\cdots ,m\\\\}\\\\text{ satisfying }d_i-d_{i-1}=2$", "topic": "Теория чисел", "num_views": 4, "num_answers": 0, "date_activity": "2022-11-26T10:18:25Z", "num_likes": 0, "date_creation": "2022-11-26T10:18:28Z", "user": 3}}, {"model": "blog.blog", "pk": 13, "fields": {"title": "Limits - Easier Than You Think", "description": "Nice and straightforward problem: $\\lim_{x\\to1}\\frac{(x-1)^2\\sin(\\frac{1}{x-1})}{\\sin(\\pi x)}.$", "topic": "Университетские задачи", "num_views": 1, "num_answers": 0, "date_activity": "2022-11-26T10:19:03Z", "num_likes": 0, "date_creation": "2022-11-26T10:19:07Z", "user": 2}}, {"model": "blog.blog", "pk": 14, "fields": {"title": "a;sldjf;asdjf", "description": "a;sdjfa;sfja;sdjf", "topic": "afsd;jf;adsfjk", "num_views": 0, "num_answers": 0, "date_activity": "2022-11-28T11:24:58Z", "num_likes": 0, "date_creation": "2022-11-28T11:25:06Z", "user": 1}}, {"model": "blog.blog", "pk": 15, "fields": {"title": "Normal Title", "description": "descr", "topic": "Normal topix", "num_views": 6, "num_answers": 0, "date_activity": "2022-12-03T18:14:44.984Z", "num_likes": 0, "date_creation": "2022-12-03T18:14:44.984Z", "user": 1}}, {"model": "answer.answer", "pk": 2, "fields": {"description": "Для школы достаточно понимать вектора как стрелочки с направлением. Попробуй спросить здесь что именно вызывает трудности. А так в гордине достаточно углубленно вектора преподносятся.", "num_likes": 0, "date_creation": "2022-11-26T10:13:42Z", "blog": 3, "user": 1}}, {"model": "answer.answer", "pk": 3, "fields": {"description": "вот тоже не совсем понимаю что именно вы не можете понять второй год. Уточните ваш запрос, пожалуйста.", "num_likes": 0, "date_creation": "2022-11-26T10:14:09Z", "blog": 3, "user": 3}}, {"model": "answer.answer", "pk": 4, "fields": {"description": "Rewrite inequality as follows: $$2(x^2+y^2+z^2)+ \\\\frac{4}{3}\\bigg(\\\\frac{1}{x^2+1}+\\\\frac{1}{y^2+1}+\\\\frac{1}{z^2+1}\\bigg) \\\\ge 5 \\\\  3+ 2(x^2+y^2+z^2)+\\\\frac{4}{3}\\bigg(\\\\frac{1}{x^2+1}+\\\\frac{1}{y^2+1}+\\\\frac{1}{z^2+1}\\bigg) \\\\ge 8$$ From AM-GM we have that: $$ \\frac{3}{4}(x^2+1)+\\frac{4}{3} \\\\cdot \\frac{1}{x^2+1} \\\\ge 2 \\\\ \\\\frac{3}{4}(y^2+1)+\\\\frac{4}{3} \\\\cdot \\frac{1}{y^2+1} \\\\ge 2 \\\\ \\\\frac{3}{4}(z^2+1)+\\\\frac{4}{3} \\\\cdot \\frac{1}{z^2+1} \\\\ge 2$$ Therefore it is sufficient to prove that: \\begin{align*} \\frac{5}{4}(x^2+y^2+z^2)+\\frac{3}{4} \\\\ge 2 \\\\ \\frac{5}{4}(x^2+y^2+z^2) \\\\ge \\frac{5}{4} \\\\ x^2+y^2+z^2 \\\\ge 1 = xy+yz+zx \\\\ (x-y)^2+(y-z)^2+(z-x)^2 \\\\ge 0 \\\\end{align*}The last inequality is obviously true.", "num_likes": 0, "date_creation": "2022-11-26T10:14:50Z", "blog": 6, "user": 2}}, {"model": "answer.answer", "pk": 5, "fields": {"description": "try murhed", "num_likes": 0, "date_creation": "2022-12-03T19:25:09.132Z", "blog": 6, "user": 1}}, {"model": "answer.answer", "pk": 6, "fields": {"description": "sorry not sorry", "num_likes": 0, "date_creation": "2022-12-03T19:25:49.859Z", "blog": 8, "user": 1}}, {"model": "olymp.olymp", "pk": 1, "fields": {"title": "USAMO", "date_creation": "2022-11-22T14:44:57Z"}}, {"model": "olymp.olymp", "pk": 2, "fields": {"title": "IMO", "date_creation": "2022-11-25T21:20:49Z"}}, {"model": "olymp.olymp", "pk": 3, "fields": {"title": "Республиканская", "date_creation": "2022-11-25T21:21:12Z"}}, {"model": "olymp.olymp", "pk": 4, "fields": {"title": "МЖО", "date_creation": "2022-11-25T21:21:26Z"}}, {"model": "olymp.olymp", "pk": 5, "fields": {"title": "Туймаада", "date_creation": "2022-11-25T21:21:39Z"}}, {"model": "olymp.olymp", "pk": 6, "fields": {"title": "Азиатско-Тихоокеанская", "date_creation": "2022-11-25T21:21:52Z"}}, {"model": "olymp.olymp", "pk": 7, "fields": {"title": "Балканская", "date_creation": "2022-11-25T21:22:04Z"}}, {"model": "olymp.olymp", "pk": 8, "fields": {"title": "EGMO", "date_creation": "2022-11-25T21:22:21Z"}}, {"model": "year.year", "pk": 1, "fields": {"title": 2022, "date_creation": "2022-11-22T14:45:18Z", "olymp": 1}}, {"model": "year.year", "pk": 2, "fields": {"title": 2022, "date_creation": "2022-11-25T21:23:43Z", "olymp": 2}}, {"model": "year.year", "pk": 3, "fields": {"title": 2021, "date_creation": "2022-11-25T21:23:51Z", "olymp": 2}}, {"model": "year.year", "pk": 4, "fields": {"title": 2020, "date_creation": "2022-11-25T21:23:59Z", "olymp": 2}}, {"model": "year.year", "pk": 5, "fields": {"title": 2022, "date_creation": "2022-11-25T21:24:08Z", "olymp": 3}}, {"model": "year.year", "pk": 6, "fields": {"title": 2022, "date_creation": "2022-11-25T21:24:16Z", "olymp": 4}}, {"model": "year.year", "pk": 7, "fields": {"title": 2022, "date_creation": "2022-11-25T21:24:23Z", "olymp": 5}}, {"model": "year.year", "pk": 8, "fields": {"title": 2022, "date_creation": "2022-11-25T21:24:31Z", "olymp": 6}}, {"model": "year.year", "pk": 9, "fields": {"title": 2022, "date_creation": "2022-11-25T21:24:40Z", "olymp": 7}}, {"model": "year.year", "pk": 10, "fields": {"title": 2022, "date_creation": "2022-11-25T21:24:48Z", "olymp": 8}}, {"model": "year.year", "pk": 11, "fields": {"title": 2021, "date_creation": "2022-11-25T21:24:56Z", "olymp": 3}}, {"model": "problem.problem", "pk": 1, "fields": {"title": 1, "description": "Let $a$ and $b$ be positive integers. The cells of an $(a+b+1)\\times (a+b+1)$ grid are colored amber and bronze such that there are at least $a^2+ab-b$ amber cells and at least $b^2+ab-a$ bronze cells. Prove that it is possible to choose $a$ amber cells and $b$ bronze cells such that no two of the $a+b$ chosen cells lie in the same row or column.", "date_creation": "2022-11-22T14:52:44Z", "year": 1}}, {"model": "problem.problem", "pk": 2, "fields": {"title": 1, "description": "The Bank of Oslo issues two types of coin: aluminum (denoted A) and bronze (denoted B). Marianne has $n$ aluminum coins and $n$ bronze coins arranged in a row in some arbitrary initial order. A chain is any subsequence of consecutive coins of the same type. Given a fixed positive integer $k \\\\leq 2n$, Gilberty repeatdly performs the following operation: he identifies the longest chain containing the $k^{th}$ coin from the left and moves all coins in that chain to the left end of the row. For example, if $n=4$ and $k=4$, the process starting from the ordering $AABBBABA$ would be $AABBBABA \\to BBBAAABA \\to AAABBBBA \\to BBBBAAAA \\to ...$ Find all pairs $(n,k)$ with $1 \\\\leq k \\\\leq 2n$ such that for every initial ordering, at some moment during the process, the leftmost $n$ coins will all be of the same type.", "date_creation": "2022-11-25T21:25:54Z", "year": 2}}, {"model": "problem.problem", "pk": 3, "fields": {"title": 2, "description": "Let $\\\\mathbb{R}^+$ denote the set of positive real numbers. Find all functions $f: \\\\mathbb{R}^+ \\to \\\\mathbb{R}^+$ such that for each $x \\\\in \\\\mathbb{R}^+$, there is exactly one $y \\\\in \\\\mathbb{R}^+$ satisfying$$xf(y)+yf(x) \\\\leq 2$$", "date_creation": "2022-11-25T21:26:13Z", "year": 2}}, {"model": "problem.problem", "pk": 4, "fields": {"title": 3, "description": "Let $k$ be a positive integer and let $S$ be a finite set of odd prime numbers. Prove that there is at most one way (up to rotation and reflection) to place the elements of $S$ around the circle such that the product of any two neighbors is of the form $x^2+x+k$ for some positive integer $x$.", "date_creation": "2022-11-25T21:26:25Z", "year": 2}}, {"model": "userprofile.userprofile", "pk": 1, "fields": {"user": 1, "user_image": "usericons/Без_названия.png", "location": "Moscow, Russia", "num_views": 0, "date_activity": "2022-11-23T09:16:40Z", "last_answer": "2022-11-23T09:16:55Z"}}]